机型,ρ,服务区,q_max
A,0.1,S001,25.0
A,0.1,S002,25.0
A,0.1,S003,25.0
A,0.1,S004,25.0
A,0.1,S005,25.0
A,0.1,S006,25.0
A,0.1,S007,25.0
A,0.1,S008,25.0
A,0.1,S009,25.0
A,0.1,S010,25.0
A,0.1,S011,25.0
A,0.1,S012,25.0
A,0.1,S013,25.0
A,0.1,S014,25.0
A,0.1,S015,25.0
A,0.11,S001,25.0
A,0.11,S002,25.0
A,0.11,S003,25.0
A,0.11,S004,25.0
A,0.11,S005,25.0
A,0.11,S006,25.0
A,0.11,S007,25.0
A,0.11,S008,25.0
A,0.11,S009,25.0
A,0.11,S010,25.0
A,0.11,S011,25.0
A,0.11,S012,25.0
A,0.11,S013,25.0
A,0.11,S014,25.0
A,0.11,S015,25.0
A,0.12,S001,25.0
A,0.12,S002,25.0
A,0.12,S003,25.0
A,0.12,S004,25.0
A,0.12,S005,25.0
A,0.12,S006,25.0
A,0.12,S007,25.0
A,0.12,S008,25.0
A,0.12,S009,25.0
A,0.12,S010,25.0
A,0.12,S011,25.0
A,0.12,S012,25.0
A,0.12,S013,25.0
A,0.12,S014,25.0
A,0.12,S015,25.0
A,0.13,S001,25.0
A,0.13,S002,25.0
A,0.13,S003,25.0
A,0.13,S004,25.0
A,0.13,S005,25.0
A,0.13,S006,25.0
A,0.13,S007,25.0
A,0.13,S008,25.0
A,0.13,S009,25.0
A,0.13,S010,25.0
A,0.13,S011,25.0
A,0.13,S012,25.0
A,0.13,S013,25.0
A,0.13,S014,25.0
A,0.13,S015,25.0
A,0.14,S001,25.0
A,0.14,S002,25.0
A,0.14,S003,25.0
A,0.14,S004,25.0
A,0.14,S005,25.0
A,0.14,S006,25.0
A,0.14,S007,25.0
A,0.14,S008,25.0
A,0.14,S009,25.0
A,0.14,S010,25.0
A,0.14,S011,25.0
A,0.14,S012,25.0
A,0.14,S013,25.0
A,0.14,S014,25.0
A,0.14,S015,25.0
A,0.15,S001,25.0
A,0.15,S002,25.0
A,0.15,S003,25.0
A,0.15,S004,25.0
A,0.15,S005,25.0
A,0.15,S006,25.0
A,0.15,S007,25.0
A,0.15,S008,25.0
A,0.15,S009,25.0
A,0.15,S010,25.0
A,0.15,S011,25.0
A,0.15,S012,25.0
A,0.15,S013,25.0
A,0.15,S014,25.0
A,0.15,S015,25.0
A,0.16,S001,25.0
A,0.16,S002,25.0
A,0.16,S003,25.0
A,0.16,S004,25.0
A,0.16,S005,25.0
A,0.16,S006,25.0
A,0.16,S007,25.0
A,0.16,S008,25.0
A,0.16,S009,25.0
A,0.16,S010,25.0
A,0.16,S011,25.0
A,0.16,S012,25.0
A,0.16,S013,25.0
A,0.16,S014,25.0
A,0.16,S015,25.0
A,0.17,S001,25.0
A,0.17,S002,25.0
A,0.17,S003,25.0
A,0.17,S004,25.0
A,0.17,S005,25.0
A,0.17,S006,25.0
A,0.17,S007,25.0
A,0.17,S008,25.0
A,0.17,S009,25.0
A,0.17,S010,25.0
A,0.17,S011,25.0
A,0.17,S012,25.0
A,0.17,S013,25.0
A,0.17,S014,25.0
A,0.17,S015,25.0
A,0.18,S001,25.0
A,0.18,S002,25.0
A,0.18,S003,25.0
A,0.18,S004,25.0
A,0.18,S005,25.0
A,0.18,S006,25.0
A,0.18,S007,25.0
A,0.18,S008,25.0
A,0.18,S009,25.0
A,0.18,S010,25.0
A,0.18,S011,25.0
A,0.18,S012,25.0
A,0.18,S013,25.0
A,0.18,S014,25.0
A,0.18,S015,25.0
A,0.19,S001,25.0
A,0.19,S002,25.0
A,0.19,S003,25.0
A,0.19,S004,25.0
A,0.19,S005,25.0
A,0.19,S006,25.0
A,0.19,S007,25.0
A,0.19,S008,25.0
A,0.19,S009,25.0
A,0.19,S010,25.0
A,0.19,S011,25.0
A,0.19,S012,25.0
A,0.19,S013,25.0
A,0.19,S014,25.0
A,0.19,S015,25.0
A,0.2,S001,25.0
A,0.2,S002,25.0
A,0.2,S003,25.0
A,0.2,S004,25.0
A,0.2,S005,25.0
A,0.2,S006,25.0
A,0.2,S007,25.0
A,0.2,S008,25.0
A,0.2,S009,25.0
A,0.2,S010,25.0
A,0.2,S011,25.0
A,0.2,S012,25.0
A,0.2,S013,25.0
A,0.2,S014,25.0
A,0.2,S015,25.0
A,0.21,S001,25.0
A,0.21,S002,25.0
A,0.21,S003,25.0
A,0.21,S004,25.0
A,0.21,S005,25.0
A,0.21,S006,25.0
A,0.21,S007,25.0
A,0.21,S008,25.0
A,0.21,S009,25.0
A,0.21,S010,25.0
A,0.21,S011,25.0
A,0.21,S012,25.0
A,0.21,S013,25.0
A,0.21,S014,25.0
A,0.21,S015,25.0
A,0.22,S001,25.0
A,0.22,S002,25.0
A,0.22,S003,25.0
A,0.22,S004,25.0
A,0.22,S005,25.0
A,0.22,S006,25.0
A,0.22,S007,25.0
A,0.22,S008,25.0
A,0.22,S009,25.0
A,0.22,S010,25.0
A,0.22,S011,25.0
A,0.22,S012,25.0
A,0.22,S013,25.0
A,0.22,S014,25.0
A,0.22,S015,25.0
A,0.23,S001,25.0
A,0.23,S002,25.0
A,0.23,S003,25.0
A,0.23,S004,25.0
A,0.23,S005,25.0
A,0.23,S006,25.0
A,0.23,S007,25.0
A,0.23,S008,25.0
A,0.23,S009,25.0
A,0.23,S010,25.0
A,0.23,S011,25.0
A,0.23,S012,25.0
A,0.23,S013,25.0
A,0.23,S014,25.0
A,0.23,S015,25.0
A,0.24,S001,25.0
A,0.24,S002,25.0
A,0.24,S003,25.0
A,0.24,S004,25.0
A,0.24,S005,25.0
A,0.24,S006,25.0
A,0.24,S007,25.0
A,0.24,S008,25.0
A,0.24,S009,25.0
A,0.24,S010,25.0
A,0.24,S011,25.0
A,0.24,S012,25.0
A,0.24,S013,25.0
A,0.24,S014,25.0
A,0.24,S015,25.0
A,0.25,S001,25.0
A,0.25,S002,25.0
A,0.25,S003,25.0
A,0.25,S004,25.0
A,0.25,S005,25.0
A,0.25,S006,25.0
A,0.25,S007,25.0
A,0.25,S008,24.29
A,0.25,S009,25.0
A,0.25,S010,25.0
A,0.25,S011,25.0
A,0.25,S012,25.0
A,0.25,S013,25.0
A,0.25,S014,25.0
A,0.25,S015,25.0
A,0.26,S001,25.0
A,0.26,S002,25.0
A,0.26,S003,25.0
A,0.26,S004,25.0
A,0.26,S005,25.0
A,0.26,S006,25.0
A,0.26,S007,25.0
A,0.26,S008,22.58
A,0.26,S009,25.0
A,0.26,S010,25.0
A,0.26,S011,25.0
A,0.26,S012,25.0
A,0.26,S013,25.0
A,0.26,S014,25.0
A,0.26,S015,25.0
A,0.27,S001,25.0
A,0.27,S002,25.0
A,0.27,S003,25.0
A,0.27,S004,25.0
A,0.27,S005,25.0
A,0.27,S006,25.0
A,0.27,S007,25.0
A,0.27,S008,20.71
A,0.27,S009,25.0
A,0.27,S010,25.0
A,0.27,S011,25.0
A,0.27,S012,25.0
A,0.27,S013,25.0
A,0.27,S014,25.0
A,0.27,S015,25.0
A,0.28,S001,25.0
A,0.28,S002,25.0
A,0.28,S003,25.0
A,0.28,S004,23.57
A,0.28,S005,25.0
A,0.28,S006,25.0
A,0.28,S007,25.0
A,0.28,S008,18.65
A,0.28,S009,25.0
A,0.28,S010,25.0
A,0.28,S011,25.0
A,0.28,S012,25.0
A,0.28,S013,25.0
A,0.28,S014,25.0
A,0.28,S015,25.0
A,0.29,S001,25.0
A,0.29,S002,25.0
A,0.29,S003,25.0
A,0.29,S004,21.71
A,0.29,S005,25.0
A,0.29,S006,25.0
A,0.29,S007,25.0
A,0.29,S008,16.37
A,0.29,S009,25.0
A,0.29,S010,25.0
A,0.29,S011,25.0
A,0.29,S012,25.0
A,0.29,S013,25.0
A,0.29,S014,25.0
A,0.29,S015,25.0
A,0.3,S001,25.0
A,0.3,S002,25.0
A,0.3,S003,24.67
A,0.3,S004,19.68
A,0.3,S005,25.0
A,0.3,S006,25.0
A,0.3,S007,25.0
A,0.3,S008,13.79
A,0.3,S009,25.0
A,0.3,S010,25.0
A,0.3,S011,25.0
A,0.3,S012,25.0
A,0.3,S013,25.0
A,0.3,S014,25.0
A,0.3,S015,25.0
A,0.31,S001,25.0
A,0.31,S002,25.0
A,0.31,S003,22.85
A,0.31,S004,17.43
A,0.31,S005,25.0
A,0.31,S006,25.0
A,0.31,S007,25.0
A,0.31,S008,10.81
A,0.31,S009,25.0
A,0.31,S010,25.0
A,0.31,S011,25.0
A,0.31,S012,23.44
A,0.31,S013,25.0
A,0.31,S014,25.0
A,0.31,S015,25.0
A,0.32,S001,25.0
A,0.32,S002,23.36
A,0.32,S003,20.87
A,0.32,S004,14.9
A,0.32,S005,25.0
A,0.32,S006,25.0
A,0.32,S007,25.0
A,0.32,S008,7.17
A,0.32,S009,25.0
A,0.32,S010,25.0
A,0.32,S011,25.0
A,0.32,S012,21.49
A,0.32,S013,25.0
A,0.32,S014,25.0
A,0.32,S015,25.0
A,0.33,S001,25.0
A,0.33,S002,21.37
A,0.33,S003,18.68
A,0.33,S004,11.99
A,0.33,S005,25.0
A,0.33,S006,25.0
A,0.33,S007,25.0
A,0.33,S008,1.89
A,0.33,S009,25.0
A,0.33,S010,25.0
A,0.33,S011,25.0
A,0.33,S012,19.36
A,0.33,S013,25.0
A,0.33,S014,25.0
A,0.33,S015,25.0
A,0.34,S001,25.0
A,0.34,S002,19.18
A,0.34,S003,16.24
A,0.34,S004,8.52
A,0.34,S005,25.0
A,0.34,S006,25.0
A,0.34,S007,25.0
A,0.34,S008,0.0
A,0.34,S009,25.0
A,0.34,S010,25.0
A,0.34,S011,25.0
A,0.34,S012,16.97
A,0.34,S013,25.0
A,0.34,S014,25.0
A,0.34,S015,25.0
A,0.35,S001,25.0
A,0.35,S002,16.73
A,0.35,S003,13.48
A,0.35,S004,3.9
A,0.35,S005,25.0
A,0.35,S006,25.0
A,0.35,S007,25.0
A,0.35,S008,0.0
A,0.35,S009,25.0
A,0.35,S010,25.0
A,0.35,S011,25.0
A,0.35,S012,14.28
A,0.35,S013,25.0
A,0.35,S014,25.0
A,0.35,S015,25.0
A,0.36,S001,25.0
A,0.36,S002,13.93
A,0.36,S003,10.28
A,0.36,S004,0.0
A,0.36,S005,25.0
A,0.36,S006,25.0
A,0.36,S007,25.0
A,0.36,S008,0.0
A,0.36,S009,25.0
A,0.36,S010,25.0
A,0.36,S011,25.0
A,0.36,S012,11.15
A,0.36,S013,25.0
A,0.36,S014,25.0
A,0.36,S015,25.0
A,0.37,S001,25.0
A,0.37,S002,10.65
A,0.37,S003,6.33
A,0.37,S004,0.0
A,0.37,S005,25.0
A,0.37,S006,25.0
A,0.37,S007,25.0
A,0.37,S008,0.0
A,0.37,S009,25.0
A,0.37,S010,25.0
A,0.37,S011,25.0
A,0.37,S012,7.34
A,0.37,S013,25.0
A,0.37,S014,25.0
A,0.37,S015,25.0
A,0.38,S001,25.0
A,0.38,S002,6.52
A,0.38,S003,0.0
A,0.38,S004,0.0
A,0.38,S005,25.0
A,0.38,S006,25.0
A,0.38,S007,25.0
A,0.38,S008,0.0
A,0.38,S009,25.0
A,0.38,S010,25.0
A,0.38,S011,25.0
A,0.38,S012,1.78
A,0.38,S013,25.0
A,0.38,S014,25.0
A,0.38,S015,25.0
A,0.39,S001,25.0
A,0.39,S002,0.0
A,0.39,S003,0.0
A,0.39,S004,0.0
A,0.39,S005,25.0
A,0.39,S006,25.0
A,0.39,S007,25.0
A,0.39,S008,0.0
A,0.39,S009,25.0
A,0.39,S010,25.0
A,0.39,S011,25.0
A,0.39,S012,0.0
A,0.39,S013,25.0
A,0.39,S014,25.0
A,0.39,S015,25.0
A,0.4,S001,25.0
A,0.4,S002,0.0
A,0.4,S003,0.0
A,0.4,S004,0.0
A,0.4,S005,25.0
A,0.4,S006,25.0
A,0.4,S007,25.0
A,0.4,S008,0.0
A,0.4,S009,25.0
A,0.4,S010,25.0
A,0.4,S011,25.0
A,0.4,S012,0.0
A,0.4,S013,25.0
A,0.4,S014,25.0
A,0.4,S015,25.0
B,0.1,S001,30.0
B,0.1,S002,30.0
B,0.1,S003,30.0
B,0.1,S004,30.0
B,0.1,S005,30.0
B,0.1,S006,30.0
B,0.1,S007,30.0
B,0.1,S008,30.0
B,0.1,S009,30.0
B,0.1,S010,30.0
B,0.1,S011,30.0
B,0.1,S012,30.0
B,0.1,S013,30.0
B,0.1,S014,30.0
B,0.1,S015,30.0
B,0.11,S001,30.0
B,0.11,S002,30.0
B,0.11,S003,30.0
B,0.11,S004,30.0
B,0.11,S005,30.0
B,0.11,S006,30.0
B,0.11,S007,30.0
B,0.11,S008,30.0
B,0.11,S009,30.0
B,0.11,S010,30.0
B,0.11,S011,30.0
B,0.11,S012,30.0
B,0.11,S013,30.0
B,0.11,S014,30.0
B,0.11,S015,30.0
B,0.12,S001,30.0
B,0.12,S002,30.0
B,0.12,S003,30.0
B,0.12,S004,30.0
B,0.12,S005,30.0
B,0.12,S006,30.0
B,0.12,S007,30.0
B,0.12,S008,30.0
B,0.12,S009,30.0
B,0.12,S010,30.0
B,0.12,S011,30.0
B,0.12,S012,30.0
B,0.12,S013,30.0
B,0.12,S014,30.0
B,0.12,S015,30.0
B,0.13,S001,30.0
B,0.13,S002,30.0
B,0.13,S003,30.0
B,0.13,S004,30.0
B,0.13,S005,30.0
B,0.13,S006,30.0
B,0.13,S007,30.0
B,0.13,S008,30.0
B,0.13,S009,30.0
B,0.13,S010,30.0
B,0.13,S011,30.0
B,0.13,S012,30.0
B,0.13,S013,30.0
B,0.13,S014,30.0
B,0.13,S015,30.0
B,0.14,S001,30.0
B,0.14,S002,30.0
B,0.14,S003,30.0
B,0.14,S004,30.0
B,0.14,S005,30.0
B,0.14,S006,30.0
B,0.14,S007,30.0
B,0.14,S008,30.0
B,0.14,S009,30.0
B,0.14,S010,30.0
B,0.14,S011,30.0
B,0.14,S012,30.0
B,0.14,S013,30.0
B,0.14,S014,30.0
B,0.14,S015,30.0
B,0.15,S001,30.0
B,0.15,S002,30.0
B,0.15,S003,30.0
B,0.15,S004,30.0
B,0.15,S005,30.0
B,0.15,S006,30.0
B,0.15,S007,30.0
B,0.15,S008,30.0
B,0.15,S009,30.0
B,0.15,S010,30.0
B,0.15,S011,30.0
B,0.15,S012,30.0
B,0.15,S013,30.0
B,0.15,S014,30.0
B,0.15,S015,30.0
B,0.16,S001,30.0
B,0.16,S002,30.0
B,0.16,S003,30.0
B,0.16,S004,30.0
B,0.16,S005,30.0
B,0.16,S006,30.0
B,0.16,S007,30.0
B,0.16,S008,30.0
B,0.16,S009,30.0
B,0.16,S010,30.0
B,0.16,S011,30.0
B,0.16,S012,30.0
B,0.16,S013,30.0
B,0.16,S014,30.0
B,0.16,S015,30.0
B,0.17,S001,30.0
B,0.17,S002,30.0
B,0.17,S003,30.0
B,0.17,S004,30.0
B,0.17,S005,30.0
B,0.17,S006,30.0
B,0.17,S007,30.0
B,0.17,S008,30.0
B,0.17,S009,30.0
B,0.17,S010,30.0
B,0.17,S011,30.0
B,0.17,S012,30.0
B,0.17,S013,30.0
B,0.17,S014,30.0
B,0.17,S015,30.0
B,0.18,S001,30.0
B,0.18,S002,30.0
B,0.18,S003,30.0
B,0.18,S004,30.0
B,0.18,S005,30.0
B,0.18,S006,30.0
B,0.18,S007,30.0
B,0.18,S008,29.81
B,0.18,S009,30.0
B,0.18,S010,30.0
B,0.18,S011,30.0
B,0.18,S012,30.0
B,0.18,S013,30.0
B,0.18,S014,30.0
B,0.18,S015,30.0
B,0.19,S001,30.0
B,0.19,S002,30.0
B,0.19,S003,30.0
B,0.19,S004,30.0
B,0.19,S005,30.0
B,0.19,S006,30.0
B,0.19,S007,30.0
B,0.19,S008,29.27
B,0.19,S009,30.0
B,0.19,S010,30.0
B,0.19,S011,30.0
B,0.19,S012,30.0
B,0.19,S013,30.0
B,0.19,S014,30.0
B,0.19,S015,30.0
B,0.2,S001,30.0
B,0.2,S002,30.0
B,0.2,S003,30.0
B,0.2,S004,30.0
B,0.2,S005,30.0
B,0.2,S006,30.0
B,0.2,S007,30.0
B,0.2,S008,28.7
B,0.2,S009,30.0
B,0.2,S010,30.0
B,0.2,S011,30.0
B,0.2,S012,30.0
B,0.2,S013,30.0
B,0.2,S014,30.0
B,0.2,S015,30.0
B,0.21,S001,30.0
B,0.21,S002,30.0
B,0.21,S003,30.0
B,0.21,S004,29.72
B,0.21,S005,30.0
B,0.21,S006,30.0
B,0.21,S007,30.0
B,0.21,S008,28.1
B,0.21,S009,30.0
B,0.21,S010,30.0
B,0.21,S011,30.0
B,0.21,S012,30.0
B,0.21,S013,30.0
B,0.21,S014,30.0
B,0.21,S015,30.0
B,0.22,S001,30.0
B,0.22,S002,30.0
B,0.22,S003,30.0
B,0.22,S004,29.15
B,0.22,S005,30.0
B,0.22,S006,30.0
B,0.22,S007,30.0
B,0.22,S008,27.47
B,0.22,S009,30.0
B,0.22,S010,30.0
B,0.22,S011,30.0
B,0.22,S012,30.0
B,0.22,S013,30.0
B,0.22,S014,30.0
B,0.22,S015,30.0
B,0.23,S001,30.0
B,0.23,S002,30.0
B,0.23,S003,30.0
B,0.23,S004,28.55
B,0.23,S005,30.0
B,0.23,S006,30.0
B,0.23,S007,30.0
B,0.23,S008,26.81
B,0.23,S009,30.0
B,0.23,S010,30.0
B,0.23,S011,30.0
B,0.23,S012,30.0
B,0.23,S013,30.0
B,0.23,S014,30.0
B,0.23,S015,30.0
B,0.24,S001,30.0
B,0.24,S002,30.0
B,0.24,S003,29.62
B,0.24,S004,27.91
B,0.24,S005,30.0
B,0.24,S006,30.0
B,0.24,S007,30.0
B,0.24,S008,26.1
B,0.24,S009,30.0
B,0.24,S010,30.0
B,0.24,S011,30.0
B,0.24,S012,29.83
B,0.24,S013,30.0
B,0.24,S014,30.0
B,0.24,S015,30.0
B,0.25,S001,30.0
B,0.25,S002,29.88
B,0.25,S003,29.01
B,0.25,S004,27.24
B,0.25,S005,30.0
B,0.25,S006,30.0
B,0.25,S007,30.0
B,0.25,S008,25.36
B,0.25,S009,30.0
B,0.25,S010,30.0
B,0.25,S011,30.0
B,0.25,S012,29.24
B,0.25,S013,30.0
B,0.25,S014,30.0
B,0.25,S015,30.0
B,0.26,S001,30.0
B,0.26,S002,29.29
B,0.26,S003,28.37
B,0.26,S004,26.53
B,0.26,S005,30.0
B,0.26,S006,30.0
B,0.26,S007,30.0
B,0.26,S008,24.57
B,0.26,S009,30.0
B,0.26,S010,30.0
B,0.26,S011,30.0
B,0.26,S012,28.62
B,0.26,S013,30.0
B,0.26,S014,30.0
B,0.26,S015,30.0
B,0.27,S001,30.0
B,0.27,S002,28.66
B,0.27,S003,27.69
B,0.27,S004,25.78
B,0.27,S005,30.0
B,0.27,S006,30.0
B,0.27,S007,30.0
B,0.27,S008,23.73
B,0.27,S009,30.0
B,0.27,S010,30.0
B,0.27,S011,30.0
B,0.27,S012,27.96
B,0.27,S013,30.0
B,0.27,S014,30.0
B,0.27,S015,30.0
B,0.28,S001,30.0
B,0.28,S002,28.0
B,0.28,S003,26.97
B,0.28,S004,24.98
B,0.28,S005,30.0
B,0.28,S006,30.0
B,0.28,S007,30.0
B,0.28,S008,22.83
B,0.28,S009,30.0
B,0.28,S010,30.0
B,0.28,S011,30.0
B,0.28,S012,27.26
B,0.28,S013,30.0
B,0.28,S014,30.0
B,0.28,S015,30.0
B,0.29,S001,30.0
B,0.29,S002,27.31
B,0.29,S003,26.21
B,0.29,S004,24.13
B,0.29,S005,30.0
B,0.29,S006,30.0
B,0.29,S007,30.0
B,0.29,S008,21.87
B,0.29,S009,30.0
B,0.29,S010,30.0
B,0.29,S011,30.0
B,0.29,S012,26.53
B,0.29,S013,30.0
B,0.29,S014,30.0
B,0.29,S015,30.0
B,0.3,S001,30.0
B,0.3,S002,26.57
B,0.3,S003,25.4
B,0.3,S004,23.23
B,0.3,S005,30.0
B,0.3,S006,30.0
B,0.3,S007,30.0
B,0.3,S008,20.85
B,0.3,S009,30.0
B,0.3,S010,30.0
B,0.3,S011,30.0
B,0.3,S012,25.74
B,0.3,S013,30.0
B,0.3,S014,30.0
B,0.3,S015,30.0
B,0.31,S001,30.0
B,0.31,S002,25.78
B,0.31,S003,24.53
B,0.31,S004,22.26
B,0.31,S005,30.0
B,0.31,S006,30.0
B,0.31,S007,30.0
B,0.31,S008,19.74
B,0.31,S009,30.0
B,0.31,S010,30.0
B,0.31,S011,30.0
B,0.31,S012,24.9
B,0.31,S013,30.0
B,0.31,S014,30.0
B,0.31,S015,30.0
B,0.32,S001,30.0
B,0.32,S002,24.95
B,0.32,S003,23.61
B,0.32,S004,21.21
B,0.32,S005,30.0
B,0.32,S006,30.0
B,0.32,S007,30.0
B,0.32,S008,18.54
B,0.32,S009,30.0
B,0.32,S010,30.0
B,0.32,S011,30.0
B,0.32,S012,24.01
B,0.32,S013,30.0
B,0.32,S014,30.0
B,0.32,S015,30.0
B,0.33,S001,30.0
B,0.33,S002,24.05
B,0.33,S003,22.62
B,0.33,S004,20.08
B,0.33,S005,30.0
B,0.33,S006,30.0
B,0.33,S007,30.0
B,0.33,S008,17.23
B,0.33,S009,30.0
B,0.33,S010,30.0
B,0.33,S011,30.0
B,0.33,S012,23.06
B,0.33,S013,30.0
B,0.33,S014,30.0
B,0.33,S015,30.0
B,0.34,S001,30.0
B,0.34,S002,23.09
B,0.34,S003,21.55
B,0.34,S004,18.86
B,0.34,S005,30.0
B,0.34,S006,30.0
B,0.34,S007,30.0
B,0.34,S008,15.8
B,0.34,S009,30.0
B,0.34,S010,30.0
B,0.34,S011,30.0
B,0.34,S012,22.03
B,0.34,S013,30.0
B,0.34,S014,30.0
B,0.34,S015,30.0
B,0.35,S001,30.0
B,0.35,S002,22.06
B,0.35,S003,20.4
B,0.35,S004,17.53
B,0.35,S005,30.0
B,0.35,S006,30.0
B,0.35,S007,30.0
B,0.35,S008,14.22
B,0.35,S009,30.0
B,0.35,S010,30.0
B,0.35,S011,30.0
B,0.35,S012,20.92
B,0.35,S013,30.0
B,0.35,S014,30.0
B,0.35,S015,30.0
B,0.36,S001,30.0
B,0.36,S002,20.94
B,0.36,S003,19.15
B,0.36,S004,16.07
B,0.36,S005,30.0
B,0.36,S006,30.0
B,0.36,S007,30.0
B,0.36,S008,12.46
B,0.36,S009,30.0
B,0.36,S010,30.0
B,0.36,S011,30.0
B,0.36,S012,19.72
B,0.36,S013,30.0
B,0.36,S014,30.0
B,0.36,S015,30.0
B,0.37,S001,30.0
B,0.37,S002,19.74
B,0.37,S003,17.79
B,0.37,S004,14.45
B,0.37,S005,30.0
B,0.37,S006,30.0
B,0.37,S007,30.0
B,0.37,S008,10.45
B,0.37,S009,30.0
B,0.37,S010,30.0
B,0.37,S011,30.0
B,0.37,S012,18.41
B,0.37,S013,30.0
B,0.37,S014,30.0
B,0.37,S015,29.49
B,0.38,S001,30.0
B,0.38,S002,18.42
B,0.38,S003,16.3
B,0.38,S004,12.64
B,0.38,S005,30.0
B,0.38,S006,30.0
B,0.38,S007,30.0
B,0.38,S008,8.09
B,0.38,S009,30.0
B,0.38,S010,30.0
B,0.38,S011,30.0
B,0.38,S012,16.98
B,0.38,S013,30.0
B,0.38,S014,30.0
B,0.38,S015,28.75
B,0.39,S001,30.0
B,0.39,S002,16.97
B,0.39,S003,14.65
B,0.39,S004,10.58
B,0.39,S005,30.0
B,0.39,S006,30.0
B,0.39,S007,30.0
B,0.39,S008,5.17
B,0.39,S009,30.0
B,0.39,S010,30.0
B,0.39,S011,30.0
B,0.39,S012,15.4
B,0.39,S013,30.0
B,0.39,S014,30.0
B,0.39,S015,27.96
B,0.4,S001,30.0
B,0.4,S002,15.36
B,0.4,S003,12.8
B,0.4,S004,8.15
B,0.4,S005,30.0
B,0.4,S006,30.0
B,0.4,S007,30.0
B,0.4,S008,0.45
B,0.4,S009,30.0
B,0.4,S010,30.0
B,0.4,S011,30.0
B,0.4,S012,13.64
B,0.4,S013,30.0
B,0.4,S014,30.0
B,0.4,S015,27.11
C,0.1,S001,80.0
C,0.1,S002,78.37
C,0.1,S003,78.19
C,0.1,S004,74.61
C,0.1,S005,80.0
C,0.1,S006,80.0
C,0.1,S007,80.0
C,0.1,S008,71.2
C,0.1,S009,80.0
C,0.1,S010,80.0
C,0.1,S011,80.0
C,0.1,S012,77.87
C,0.1,S013,80.0
C,0.1,S014,80.0
C,0.1,S015,80.0
C,0.11,S001,80.0
C,0.11,S002,77.56
C,0.11,S003,77.37
C,0.11,S004,73.69
C,0.11,S005,80.0
C,0.11,S006,80.0
C,0.11,S007,80.0
C,0.11,S008,70.18
C,0.11,S009,80.0
C,0.11,S010,80.0
C,0.11,S011,80.0
C,0.11,S012,77.04
C,0.11,S013,80.0
C,0.11,S014,80.0
C,0.11,S015,80.0
C,0.12,S001,80.0
C,0.12,S002,76.72
C,0.12,S003,76.51
C,0.12,S004,72.73
C,0.12,S005,80.0
C,0.12,S006,80.0
C,0.12,S007,80.0
C,0.12,S008,69.12
C,0.12,S009,80.0
C,0.12,S010,80.0
C,0.12,S011,80.0
C,0.12,S012,76.18
C,0.12,S013,80.0
C,0.12,S014,80.0
C,0.12,S015,80.0
C,0.13,S001,80.0
C,0.13,S002,75.84
C,0.13,S003,75.61
C,0.13,S004,71.73
C,0.13,S005,80.0
C,0.13,S006,80.0
C,0.13,S007,80.0
C,0.13,S008,68.01
C,0.13,S009,80.0
C,0.13,S010,80.0
C,0.13,S011,80.0
C,0.13,S012,75.28
C,0.13,S013,80.0
C,0.13,S014,80.0
C,0.13,S015,80.0
C,0.14,S001,80.0
C,0.14,S002,74.93
C,0.14,S003,74.68
C,0.14,S004,70.69
C,0.14,S005,80.0
C,0.14,S006,80.0
C,0.14,S007,80.0
C,0.14,S008,66.84
C,0.14,S009,80.0
C,0.14,S010,80.0
C,0.14,S011,80.0
C,0.14,S012,74.35
C,0.14,S013,80.0
C,0.14,S014,80.0
C,0.14,S015,80.0
C,0.15,S001,80.0
C,0.15,S002,73.98
C,0.15,S003,73.71
C,0.15,S004,69.6
C,0.15,S005,80.0
C,0.15,S006,80.0
C,0.15,S007,80.0
C,0.15,S008,65.63
C,0.15,S009,80.0
C,0.15,S010,80.0
C,0.15,S011,80.0
C,0.15,S012,73.37
C,0.15,S013,80.0
C,0.15,S014,80.0
C,0.15,S015,80.0
C,0.16,S001,80.0
C,0.16,S002,72.99
C,0.16,S003,72.69
C,0.16,S004,68.46
C,0.16,S005,80.0
C,0.16,S006,80.0
C,0.16,S007,80.0
C,0.16,S008,64.35
C,0.16,S009,80.0
C,0.16,S010,80.0
C,0.16,S011,80.0
C,0.16,S012,72.36
C,0.16,S013,80.0
C,0.16,S014,80.0
C,0.16,S015,80.0
C,0.17,S001,80.0
C,0.17,S002,71.95
C,0.17,S003,71.63
C,0.17,S004,67.26
C,0.17,S005,80.0
C,0.17,S006,80.0
C,0.17,S007,80.0
C,0.17,S008,63.02
C,0.17,S009,80.0
C,0.17,S010,80.0
C,0.17,S011,80.0
C,0.17,S012,71.3
C,0.17,S013,80.0
C,0.17,S014,80.0
C,0.17,S015,80.0
C,0.18,S001,80.0
C,0.18,S002,70.87
C,0.18,S003,70.53
C,0.18,S004,66.01
C,0.18,S005,80.0
C,0.18,S006,80.0
C,0.18,S007,80.0
C,0.18,S008,61.61
C,0.18,S009,80.0
C,0.18,S010,80.0
C,0.18,S011,80.0
C,0.18,S012,70.18
C,0.18,S013,80.0
C,0.18,S014,80.0
C,0.18,S015,80.0
C,0.19,S001,80.0
C,0.19,S002,69.74
C,0.19,S003,69.37
C,0.19,S004,64.7
C,0.19,S005,80.0
C,0.19,S006,80.0
C,0.19,S007,80.0
C,0.19,S008,60.13
C,0.19,S009,80.0
C,0.19,S010,80.0
C,0.19,S011,80.0
C,0.19,S012,69.02
C,0.19,S013,80.0
C,0.19,S014,80.0
C,0.19,S015,80.0
C,0.2,S001,80.0
C,0.2,S002,68.55
C,0.2,S003,68.15
C,0.2,S004,63.32
C,0.2,S005,80.0
C,0.2,S006,80.0
C,0.2,S007,80.0
C,0.2,S008,58.57
C,0.2,S009,80.0
C,0.2,S010,80.0
C,0.2,S011,80.0
C,0.2,S012,67.8
C,0.2,S013,80.0
C,0.2,S014,80.0
C,0.2,S015,80.0
C,0.21,S001,80.0
C,0.21,S002,67.31
C,0.21,S003,66.88
C,0.21,S004,61.87
C,0.21,S005,80.0
C,0.21,S006,80.0
C,0.21,S007,80.0
C,0.21,S008,56.93
C,0.21,S009,80.0
C,0.21,S010,80.0
C,0.21,S011,80.0
C,0.21,S012,66.52
C,0.21,S013,80.0
C,0.21,S014,80.0
C,0.21,S015,80.0
C,0.22,S001,80.0
C,0.22,S002,66.0
C,0.22,S003,65.54
C,0.22,S004,60.34
C,0.22,S005,80.0
C,0.22,S006,80.0
C,0.22,S007,80.0
C,0.22,S008,55.19
C,0.22,S009,80.0
C,0.22,S010,80.0
C,0.22,S011,80.0
C,0.22,S012,65.18
C,0.22,S013,80.0
C,0.22,S014,80.0
C,0.22,S015,80.0
C,0.23,S001,80.0
C,0.23,S002,64.62
C,0.23,S003,64.13
C,0.23,S004,58.72
C,0.23,S005,80.0
C,0.23,S006,80.0
C,0.23,S007,80.0
C,0.23,S008,53.34
C,0.23,S009,80.0
C,0.23,S010,80.0
C,0.23,S011,80.0
C,0.23,S012,63.76
C,0.23,S013,80.0
C,0.23,S014,80.0
C,0.23,S015,80.0
C,0.24,S001,80.0
C,0.24,S002,63.17
C,0.24,S003,62.65
C,0.24,S004,57.01
C,0.24,S005,80.0
C,0.24,S006,80.0
C,0.24,S007,80.0
C,0.24,S008,51.38
C,0.24,S009,80.0
C,0.24,S010,80.0
C,0.24,S011,80.0
C,0.24,S012,62.27
C,0.24,S013,80.0
C,0.24,S014,80.0
C,0.24,S015,79.27
C,0.25,S001,80.0
C,0.25,S002,61.64
C,0.25,S003,61.08
C,0.25,S004,55.19
C,0.25,S005,80.0
C,0.25,S006,80.0
C,0.25,S007,80.0
C,0.25,S008,49.29
C,0.25,S009,80.0
C,0.25,S010,80.0
C,0.25,S011,80.0
C,0.25,S012,60.7
C,0.25,S013,80.0
C,0.25,S014,80.0
C,0.25,S015,78.33
C,0.26,S001,80.0
C,0.26,S002,60.02
C,0.26,S003,59.42
C,0.26,S004,53.27
C,0.26,S005,80.0
C,0.26,S006,80.0
C,0.26,S007,80.0
C,0.26,S008,47.05
C,0.26,S009,80.0
C,0.26,S010,80.0
C,0.26,S011,80.0
C,0.26,S012,59.03
C,0.26,S013,80.0
C,0.26,S014,80.0
C,0.26,S015,77.33
C,0.27,S001,80.0
C,0.27,S002,58.31
C,0.27,S003,57.67
C,0.27,S004,51.21
C,0.27,S005,80.0
C,0.27,S006,80.0
C,0.27,S007,80.0
C,0.27,S008,44.66
C,0.27,S009,80.0
C,0.27,S010,80.0
C,0.27,S011,80.0
C,0.27,S012,57.27
C,0.27,S013,80.0
C,0.27,S014,80.0
C,0.27,S015,76.3
C,0.28,S001,80.0
C,0.28,S002,56.49
C,0.28,S003,55.81
C,0.28,S004,49.02
C,0.28,S005,80.0
C,0.28,S006,80.0
C,0.28,S007,80.0
C,0.28,S008,42.08
C,0.28,S009,80.0
C,0.28,S010,80.0
C,0.28,S011,80.0
C,0.28,S012,55.39
C,0.28,S013,80.0
C,0.28,S014,80.0
C,0.28,S015,75.21
C,0.29,S001,80.0
C,0.29,S002,54.55
C,0.29,S003,53.83
C,0.29,S004,46.67
C,0.29,S005,80.0
C,0.29,S006,80.0
C,0.29,S007,80.0
C,0.29,S008,39.28
C,0.29,S009,79.94
C,0.29,S010,80.0
C,0.29,S011,80.0
C,0.29,S012,53.39
C,0.29,S013,80.0
C,0.29,S014,80.0
C,0.29,S015,74.06
C,0.3,S001,80.0
C,0.3,S002,52.48
C,0.3,S003,51.71
C,0.3,S004,44.13
C,0.3,S005,80.0
C,0.3,S006,80.0
C,0.3,S007,80.0
C,0.3,S008,36.24
C,0.3,S009,78.96
C,0.3,S010,80.0
C,0.3,S011,80.0
C,0.3,S012,51.26
C,0.3,S013,80.0
C,0.3,S014,80.0
C,0.3,S015,72.86
C,0.31,S001,80.0
C,0.31,S002,50.26
C,0.31,S003,49.46
C,0.31,S004,41.4
C,0.31,S005,80.0
C,0.31,S006,80.0
C,0.31,S007,80.0
C,0.31,S008,32.91
C,0.31,S009,77.93
C,0.31,S010,80.0
C,0.31,S011,80.0
C,0.31,S012,48.97
C,0.31,S013,80.0
C,0.31,S014,79.09
C,0.31,S015,71.59
C,0.32,S001,80.0
C,0.32,S002,47.88
C,0.32,S003,47.03
C,0.32,S004,38.42
C,0.32,S005,80.0
C,0.32,S006,80.0
C,0.32,S007,80.0
C,0.32,S008,29.21
C,0.32,S009,76.85
C,0.32,S010,80.0
C,0.32,S011,80.0
C,0.32,S012,46.52
C,0.32,S013,80.0
C,0.32,S014,78.03
C,0.32,S015,70.25
C,0.33,S001,80.0
C,0.33,S002,45.31
C,0.33,S003,44.42
C,0.33,S004,35.17
C,0.33,S005,80.0
C,0.33,S006,80.0
C,0.33,S007,80.0
C,0.33,S008,25.06
C,0.33,S009,75.72
C,0.33,S010,80.0
C,0.33,S011,80.0
C,0.33,S012,43.87
C,0.33,S013,80.0
C,0.33,S014,76.91
C,0.33,S015,68.83
C,0.34,S001,80.0
C,0.34,S002,42.53
C,0.34,S003,41.6
C,0.34,S004,31.58
C,0.34,S005,79.6
C,0.34,S006,80.0
C,0.34,S007,80.0
C,0.34,S008,20.3
C,0.34,S009,74.52
C,0.34,S010,80.0
C,0.34,S011,80.0
C,0.34,S012,40.99
C,0.34,S013,80.0
C,0.34,S014,75.73
C,0.34,S015,67.34
C,0.35,S001,80.0
C,0.35,S002,39.5
C,0.35,S003,38.52
C,0.35,S004,27.57
C,0.35,S005,78.53
C,0.35,S006,80.0
C,0.35,S007,80.0
C,0.35,S008,14.62
C,0.35,S009,73.26
C,0.35,S010,80.0
C,0.35,S011,80.0
C,0.35,S012,37.86
C,0.35,S013,80.0
C,0.35,S014,74.49
C,0.35,S015,65.75
C,0.36,S001,80.0
C,0.36,S002,36.17
C,0.36,S003,35.16
C,0.36,S004,23.02
C,0.36,S005,77.4
C,0.36,S006,80.0
C,0.36,S007,80.0
C,0.36,S008,7.14
C,0.36,S009,71.92
C,0.36,S010,80.0
C,0.36,S011,80.0
C,0.36,S012,34.41
C,0.36,S013,80.0
C,0.36,S014,73.18
C,0.36,S015,64.07
C,0.37,S001,80.0
C,0.37,S002,32.49
C,0.37,S003,31.45
C,0.37,S004,17.7
C,0.37,S005,76.2
C,0.37,S006,80.0
C,0.37,S007,80.0
C,0.37,S008,0.0
C,0.37,S009,70.51
C,0.37,S010,80.0
C,0.37,S011,80.0
C,0.37,S012,30.59
C,0.37,S013,80.0
C,0.37,S014,71.79
C,0.37,S015,62.28
C,0.38,S001,80.0
C,0.38,S002,28.36
C,0.38,S003,27.31
C,0.38,S004,11.1
C,0.38,S005,74.94
C,0.38,S006,80.0
C,0.38,S007,80.0
C,0.38,S008,0.0
C,0.38,S009,69.0
C,0.38,S010,80.0
C,0.38,S011,80.0
C,0.38,S012,26.29
C,0.38,S013,80.0
C,0.38,S014,70.31
C,0.38,S015,60.36
C,0.39,S001,80.0
C,0.39,S002,23.64
C,0.39,S003,22.61
C,0.39,S004,0.0
C,0.39,S005,73.6
C,0.39,S006,80.0
C,0.39,S007,80.0
C,0.39,S008,0.0
C,0.39,S009,67.41
C,0.39,S010,80.0
C,0.39,S011,80.0
C,0.39,S012,21.36
C,0.39,S013,79.87
C,0.39,S014,68.75
C,0.39,S015,58.32
C,0.4,S001,80.0
C,0.4,S002,18.07
C,0.4,S003,17.11
C,0.4,S004,0.0
C,0.4,S005,72.18
C,0.4,S006,80.0
C,0.4,S007,80.0
C,0.4,S008,0.0
C,0.4,S009,65.71
C,0.4,S010,79.17
C,0.4,S011,80.0
C,0.4,S012,15.48
C,0.4,S013,78.72
C,0.4,S014,67.08
C,0.4,S015,56.13
